processor_count,speedup
2,0.9265803902
4,1.6987651837
8,3.4169944229
16,4.6781430581
